<?xml version="1.0" encoding="UTF-8"?>
<beans xmlns="http://www.springframework.org/schema/beans"
	xmlns:xsi="http://www.w3.org/2001/XMLSchema-instance" xmlns:p="http://www.springframework.org/schema/p"
	xmlns:mvc="http://www.springframework.org/schema/mvc" xmlns:context="http://www.springframework.org/schema/context"
	xmlns:task="http://www.springframework.org/schema/task" xmlns:beans="http://www.springframework.org/schema/beans"
	xmlns:mongo="http://www.springframework.org/schema/data/mongo"
	xmlns:security="http://www.springframework.org/schema/security"
	xsi:schemaLocation="http://www.springframework.org/schema/beans http://www.springframework.org/schema/beans/spring-beans-3.2.xsd
				http://www.springframework.org/schema/mvc http://www.springframework.org/schema/mvc/spring-mvc-3.2.xsd
				http://www.springframework.org/schema/context http://www.springframework.org/schema/context/spring-context-3.2.xsd
				http://www.springframework.org/schema/data/mongo http://www.springframework.org/schema/data/mongo/spring-mongo-1.5.xsd
				http://www.springframework.org/schema/task http://www.springframework.org/schema/task/spring-task-3.2.xsd
				http://www.springframework.org/schema/security http://www.springframework.org/schema/security/spring-security-3.2.xsd">


	<context:annotation-config />

	<context:property-placeholder location='classpath:${ENV}.properties' />
	
	<bean id="applicationContextProvider" class="com.project.retail.system.ApplicationContextProvider">
	</bean>

	<context:component-scan base-package="com.project.retail.system" />

	<bean id="log4jInitialization"
		class="org.springframework.beans.factory.config.MethodInvokingFactoryBean">
		<property name="targetClass" value="org.springframework.util.Log4jConfigurer" />
		<property name="targetMethod" value="initLogging" />
		<property name="arguments">
			<list>
<!-- 				<value>classpath:log4j.properties</value> -->
				<value>classpath:${ENV}.properties</value> 
			</list>
		</property>
	</bean>

	<bean id="mongo" class="com.mongodb.MongoClient">
	    <constructor-arg name="seeds" value="#{T(java.util.Arrays).asList('${replica-set}')}" />
	</bean>
	
	<mongo:db-factory dbname="${dbname}" mongo-ref="mongo"
		write-concern="SAFE" id="mongoDbFactory" username="${mongoDBusername}"
		password="${mongoDBpassword}" authentication-dbname="${mongoDBauthenticationdbname}" />

	<bean id="mongoTemplate" class="org.springframework.data.mongodb.core.MongoTemplate">
		<constructor-arg name="mongoDbFactory" ref="mongoDbFactory" />
	</bean>

	<bean id="tokenStore"
		class="org.springframework.security.oauth2.provider.token.InMemoryTokenStore" />

	<bean id="tokenServices"
		class="org.springframework.security.oauth2.provider.token.DefaultTokenServices">
		<property name="tokenStore" ref="tokenStore" />
		<property name="supportRefreshToken" value="true" />
		<property name="clientDetailsService" ref="clientDetailsService" />
	</bean>

	<bean id="userApprovalHandler" class="com.project.retail.system.oauth2.UserApprovalHandler">
		<property name="tokenServices" ref="tokenServices" />
	</bean>


	<security:authentication-manager id="userAuthenticationManager">
	<security:authentication-provider ref="customUserAuthenticationProvider" />
	</security:authentication-manager>

	<bean id="permissionEvaluator"
		class="com.project.retail.system.oauth2.BasePermissionEvaluator" />

	<bean id="webExpressionHandler"
		class="org.springframework.security.web.access.expression.DefaultWebSecurityExpressionHandler" />

	<bean id="expressionHandler"
		class="org.springframework.security.access.expression.method.DefaultMethodSecurityExpressionHandler">
		<property name="permissionEvaluator" ref="permissionEvaluator" />
	</bean>
	<security:global-method-security
		pre-post-annotations="enabled" authentication-manager-ref="userAuthenticationManager">
		<security:expression-handler ref="expressionHandler" />
	</security:global-method-security>

	<bean name="springMVCInterceptor" class="com.project.retail.system.oauth2.SpringMVCInterceptor" />
	<mvc:resources location="/pages/resource/" mapping="/pages/resource/**" />
	<mvc:interceptors>
		<mvc:interceptor>
			<mvc:mapping path="/**" />
			<mvc:exclude-mapping path="/smsUser/smsUserLogin/**" />
			<mvc:exclude-mapping path="/smsSend/sendTextSms/**" />
			<mvc:exclude-mapping path="/import/**" />
			<mvc:exclude-mapping path="/mail/**" />
			<mvc:exclude-mapping path="/exceptionInfo" />
			<mvc:exclude-mapping path="/exceptionInfoOfToday" />
			<mvc:exclude-mapping path="/exceptionDetails/search" />
			<mvc:exclude-mapping path="/bugDetails/upload" />
			<mvc:exclude-mapping path="/exceptionDetails/get/**" />
			<mvc:exclude-mapping path="/bugDetails/searchToday" />
			<mvc:exclude-mapping path="/printSettingTemplateMaster/getImage/**" />
			<mvc:exclude-mapping path="/pages/resource/**" />
			<mvc:exclude-mapping path="/dist/img/**" />
			<mvc:exclude-mapping path="/user/login/**" />
			<mvc:exclude-mapping path="/SQLServer/**/**" />
			<mvc:exclude-mapping path="/echo" />
			<mvc:exclude-mapping path="/mongoBackUp" />
			<mvc:exclude-mapping path="/user/login" />
			<mvc:exclude-mapping path="/user/webLogin" />
			<mvc:exclude-mapping path="/user/login1" />
			<mvc:exclude-mapping path="/mrnConfiguration/resetDate" />
			<mvc:exclude-mapping path="/error/**" />
			<mvc:exclude-mapping path="/user/getPhoto/**" />
			
			<beans:ref bean="springMVCInterceptor"/>
		</mvc:interceptor>
	</mvc:interceptors>

	<bean id="objectMapper" class="com.fasterxml.jackson.databind.ObjectMapper">
		<property name="serializationInclusion">
			<value type="com.fasterxml.jackson.annotation.JsonInclude.Include">NON_NULL</value>
		</property>
	</bean>

	<mvc:annotation-driven>
		<mvc:message-converters register-defaults="true">

			<bean
				class="org.springframework.http.converter.ByteArrayHttpMessageConverter" />

			<bean
				class="com.project.retail.system.CustomMappingJackson2HttpMessageConverter">
				<property name="objectMapper">
					<ref bean="objectMapper" />
				</property>
			</bean>

		</mvc:message-converters>
		<mvc:argument-resolvers>
			<bean
				class="com.project.retail.system.CustomHandlerMethodArgumentResolver" />
		</mvc:argument-resolvers>
	</mvc:annotation-driven>

	<bean
		class="org.springframework.web.servlet.view.ContentNegotiatingViewResolver">
		<!-- <property name="mediaTypes"> <map> <entry key="html" value="text/html"></entry> 
			<entry key="json" value="application/json"></entry> </map> </property> -->
		<property name="viewResolvers">
			<list>
				<bean class="org.springframework.web.servlet.view.UrlBasedViewResolver">
					<property name="viewClass"
						value="org.springframework.web.servlet.view.JstlView"></property>
					<property name="prefix" value="/pages/jsp/"></property>
					<property name="suffix" value=".jsp"></property>
				</bean>
			</list>
		</property>
	</bean>


	<bean id="multipartResolver"
		class="org.springframework.web.multipart.commons.CommonsMultipartResolver">
		<property name="maxUploadSize" value="100000000" />
	</bean>

	<task:scheduler id="taskScheduler" pool-size="10"/>

	<task:executor id="taskExecutor" pool-size="5" />

	<task:annotation-driven executor="taskExecutor"
		scheduler="taskScheduler" />

	<!-- <bean name="myApplicationListener" class="com.slktechlabs.hims.HIMSServletContextListener" 
		/> -->

</beans>
	